Temperature (Â°C),Humidity (%),CO2 Level (ppm),Air Quality Index (AQI)
22.49080237694725,32.959305018703375,483.19397861513414,30.79707226638732
34.01428612819832,57.93306631648507,472.8851593503999,43.84476614605268
29.6398788362281,81.10620851134857,934.3782063647257,57.83936609881314
26.973169683940732,71.25574204866928,474.68233989465426,44.356954254464235
18.12037280884873,76.45928035030148,490.3648082900417,41.80526667531564
18.119890406724053,66.11483566975022,831.5787836925746,45.52597157813858
16.161672243363988,68.45935951624966,614.817889715378,40.91500177086445
32.3235229154987,79.44369560957236,843.6973898686268,56.8688179379936
27.022300234864176,37.47676062014301,345.7563102950697,31.669304509376385
29.16145155592091,54.259747455019834,641.2998355713689,43.684646725893785
15.411689885916049,35.484660927372154,323.52952012829786,24.82183362373563
34.39819704323989,89.13676055976529,343.85724241874817,50.81727153792449
31.648852816008436,86.08415377806293,934.5062173410877,60.33979688824485
19.246782213565524,22.759876795795414,397.4717597823166,24.40078934116772
18.636499344142013,69.3902620760982,672.694477592652,43.58921784675351
18.668090197068675,84.7673822190966,587.7669218204946,46.51959820067321
21.084844859190753,32.64027415891334,543.1403283811899,31.19731124489318
25.495128632644757,59.756166138684065,929.8833419810908,49.27208099754941
23.638900372842315,84.08418083116293,315.27637774284267,43.35023199062688
20.824582803960837,22.37621850100592,764.6527803229123,32.41821255874044
27.237057894447588,68.8194187072788,974.3761039494852,53.75187663839714
17.789877213040835,40.81443051607855,692.1177284232893,34.981622329809774
20.842892970704362,84.70773367635712,955.7757234231643,54.949281056722604
22.327236865873836,87.97407716157575,336.5805155002166,44.28745189141397
24.12139968434072,86.09865423794038,593.155323351913,49.75340258059073
30.703519227860273,53.194995166022466,482.1104536734358,40.952467237205596
18.993475643167194,80.34298556925194,811.5746754865108,49.83112700208939
25.284688768272233,79.11845789745493,986.9079633480727,56.116041020334045
26.848291377240848,42.337033127027894,479.57104371097347,35.71667650094827
15.929008254399955,78.02408319054742,757.9222210318521,46.530173505001244
27.150897038028766,22.59053443008448,438.6683429318181,29.12597570667609
18.41048247374583,61.738891493743715,695.7311782001269,41.64153224899857
16.30103185970559,36.100618610139215,624.7527406818353,31.47575632653127
33.977710745066666,28.439682004409516,980.4037307420759,45.12883458869771
34.31264066149119,25.38672411404464,725.9690908875266,39.291719382709516
31.16794696232922,68.74021431146979,544.6544604607732,47.09912698382101
21.092275383467413,43.791247463764634,379.86704942155336,31.280852919294166
16.95344228012768,70.73367400701329,405.8727801144542,37.81427894445691
28.684660530243136,24.574943855925966,457.7218509658646,30.86925044121665
23.803049874792027,42.07032364814272,475.6766629382086,34.036155290603006
17.440764696895577,57.7643904662736,895.4312404887964,43.958324298105794
24.903538202225405,75.35062153872744,692.8559517977674,48.914074598686284
15.687770422304368,42.312675205244894,666.3736379620566,33.86516053196679
33.186408041575646,63.81239635059064,380.33821030845223,43.343687132134065
20.17559963200034,82.0184423765331,902.0977853446045,52.73528823585219
28.25044568707964,63.11042317276132,805.9700122459386,49.17775004028699
21.23422152178822,36.30716323275436,347.36785333000114,28.456616797320443
25.401360423556216,21.70805470895766,795.484568060838,35.122787985682166
25.934205586865595,80.90692117306509,680.4767521398522,50.84871418814937
18.69708911051054,21.4888587595271,357.2077420227448,22.9393570235683
34.39169255529117,81.22911708789397,620.8104490700596,53.98079038541497
30.50265646722229,57.02559938190484,639.2874009910329,45.144756068003254
33.78997883128378,85.73473889590274,416.04217811429305,50.93625464669857
32.89654700855297,75.91482650415658,961.9887029001976,58.46249551352741
26.957999576221702,89.85538773733363,894.9827600364633,58.33527131004021
33.437484700462335,44.54982708161971,768.3156361303759,45.4500031973246
16.76985004103839,73.70318022517888,623.6068927004251,42.96801694208136
18.919657248382904,48.13516395264695,588.235879109156,35.66509539216865
15.90454577821076,53.59129342127362,755.681427005668,39.14328945560082
21.506606615265287,63.9253824252859,681.8023085848338,43.56696420691509
22.77354579378964,81.15739799304372,343.59117411731995,42.60581577715433
20.426980635477918,88.88584284395066,658.7518541392321,50.0542802537088
31.57475018303859,73.77913897051627,864.4825320629876,55.21076742393393
22.135066533871786,49.243674751713364,621.4679143178706,38.269993978807314
20.618690193747614,49.494990159394916,336.3696042879879,31.885234230452042
25.853921663164968,71.6307611112224,850.3947395688232,51.42408395632567
17.818484499495252,36.71440020378117,440.9546474951821,28.742655260785618
31.043939615080795,27.733187919197626,481.03458442162713,33.46261787173223
16.491012873595416,44.82355103485436,415.29444740260715,29.998460695306157
34.73773873201034,40.10672941578572,531.1505454100483,40.023899098941854
30.444895385933147,40.741568431919305,829.7260539820445,44.039439302183254
18.974313630683447,36.35254257349369,663.5701016527562,33.66432162044496
15.110442342472048,22.94652327454533,443.4168919054988,23.3075159917096
31.309228569096682,21.251175431338968,914.4810547064286,40.319588008078604
29.137146876952343,89.14056728152221,915.7072984660705,59.62488959225424
29.580143360819747,49.94411936151036,909.4048975322048,47.96140543950708
30.425406933718914,46.90286530117771,467.1573479670775,38.62671001655432
16.480893034681806,67.57530978851489,615.8675409266916,40.8303902724292
22.169314570885454,35.27777215055449,989.4927592986126,41.45784411658133
17.317381190502594,86.49728287651577,840.4087334169933,51.41605012654589
32.26206851751187,75.04415100908864,319.01719485789187,45.02462345864036
27.46596253655116,26.258770161858166,345.6432138823444,28.523476594479916
21.617960497052984,49.230654304944984,624.751963768633,38.073215815382646
16.27116700572047,81.53828152935154,936.4541441030921,51.32615084372755
21.219646434313244,86.13124156039872,677.0912585669,49.99102085661424
21.503666440534943,52.718105787490884,648.4687556240032,39.5366400689948
29.59212356676128,62.93879724474954,373.8315899696414,41.15433275619833
27.751149427104263,31.692376226445266,759.7460733070059,38.57820904762583
32.744254851526534,89.38180382958836,875.4722124201578,60.69611282304293
24.444298503238986,36.21701909684104,566.2940052552937,34.41313508577768
17.391884918766035,85.99122418945879,842.9282956477292,51.35187562917524
29.2648957444599,65.4752654294658,975.1336577305681,53.77770065568105
30.21570097233795,62.54157564152014,442.6365213893823,42.72305360641266
26.225543951389923,55.8881957711556,666.3307418363189,43.20584554376802
30.41934359909122,36.14688682024311,500.9965706592029,36.0736692588026
24.875911927287817,32.35696224038558,854.9980933236875,39.24500650223334
25.45465658763988,35.43403463491227,704.3153561168103,37.44384580662983
23.550820367170992,33.05067835009782,744.2076922852126,36.57476753431909
15.508382534881903,74.57091314967273,858.5399117311258,47.296263446965284
17.157828539866088,44.508768141671105,577.1793308637184,33.475131329708745
15.628583713734685,24.048987359437746,940.5630478849303,33.84024902239727
27.72820822527561,87.83718410985679,673.120207072298,53.6776634870408
21.287119621526536,81.8650119474398,410.5683759847436,43.41443091469008
25.171413823294056,84.94265982366491,787.1293827181617,53.811092513109735
33.15132947852186,89.64354758525047,855.2829453067781,60.57438792097163
19.9858445829775,32.17266744536411,521.7331739472687,30.079386004043357
23.207658460712594,47.736941323186116,900.025479899127,43.92542122529467
30.111022770860973,73.07669329928639,934.3002783360365,55.66452494193713
19.57596330983245,68.72144326376545,493.83314116446627,40.281077457335186
16.53959819657586,30.772713443789854,988.4650309006554,37.270913749437995
20.79502905827536,77.10831874934325,398.4980696341309,41.49997154662327
18.22442574508009,35.710840028566246,441.410967881743,28.653684238744777
33.59395304685146,35.667233037583614,428.9573874666183,36.07629418403319
31.16240759128834,57.58820960253895,925.7927970055093,51.37352261651604
27.66807513020847,61.50579543891922,758.0047866274733,47.44587192932947
32.429211803754356,60.60603454864678,406.472998255591,42.525876231583034
31.07344153798229,26.404078617842842,608.2263928578443,35.622472211500884
18.731401177720716,81.42226038412662,730.7086175488614,48.40655105507557
32.85117996979956,38.592002981209426,358.4248594925683,35.171688069113976
25.786844838313016,29.06604448979629,917.6914578851371,39.967064923798134
31.14880310328125,82.2123655908284,862.5224748090747,57.48856072507064
32.92182599846986,86.89560487608274,653.6447415036467,55.60248929213269
21.360069499437277,80.34893320858154,976.9886306814193,54.32448732592149
17.201038490553536,76.66612523074147,592.4326854925698,43.449010524350605
19.558703250838832,65.86693864473152,988.8772233255485,49.31697768534984
23.542155772525128,58.56001594263975,767.543999162539,44.68996265230527
31.36029531844986,26.08907319379871,744.269891277759,38.392267442919724
32.21461166512687,48.59172491494891,416.1684267070495,39.008191841189095
15.139042610623815,46.08819619086198,917.3494308132508,39.74296877883552
25.214946051551316,38.182764863222836,599.2427815444306,36.04715811563112
23.348220062975578,70.63940795820095,413.56338404773555,41.137200099902785
19.442156209414605,54.711301455513954,308.82526398303133,32.31097382102212
17.397307346673657,25.673235113535355,691.8289785468678,30.23720377833479
21.75230342807256,35.41282413648679,669.1797354858734,34.88359366469979
33.858194078250385,67.8281134561717,803.547535658411,53.34848178914493
21.464058640415104,25.329160164321014,923.1806371124615,36.79439011175309
25.37581243486732,79.5844839834138,355.58460925012065,43.674943597460214
29.060379177903556,54.660256890978204,812.0475432382536,47.16921752101031
22.27259204758588,53.64106041286536,431.18836086830754,35.8523813650187
34.435641654419214,61.46854492616623,900.7239372100148,53.67286304925977
34.24894589884222,77.72766761476043,873.3444597031593,57.90966242791242
20.035645916507285,44.34664455315351,678.5556284898811,36.89292889399732
24.94497011784771,67.46113067913444,797.169959036318,48.65422344339055
21.017566196335395,59.601237479705375,520.0450792286239,38.79005592665179
20.696809887549353,38.69197891185949,629.8175292529702,34.55234920239193
15.737738947090655,81.50409904486105,875.1458283973302,49.82301575495025
27.191286679597937,75.81982151248496,621.4856380212498,48.771302553969456
25.05358046457723,66.09162842608978,550.4587857278093,43.363454474671734
16.029575024999787,79.54072103659693,645.94871307521,44.795978084983176
20.57292928473223,80.71059406718616,879.7744767060528,52.095132396643024
33.165317719333075,69.58540837005243,534.645633159611,48.15119403387449
19.79123781333945,78.59093298545704,421.63311519502065,41.90556110620725
17.897897441824462,68.82300231684985,798.4098142315465,45.564045700598115
24.78905520555126,67.60985402322103,878.1847488956572,50.24117878765508
34.71300908221201,63.3027964750629,370.4462349664733,43.756268182954344
19.84110543023001,72.69016476903488,467.9118789291613,41.08583972440869
28.442710948117572,31.102357370515158,399.38039283269575,31.539670541867245
30.23239230657435,81.66095314392498,543.5589881075166,50.485661858615
19.752750879847994,81.02904694216625,615.2456852337889,46.49000322724965
29.56432697223719,22.04730981241914,824.1784358743146,37.87992514733063
22.355662654385064,77.80717253953338,755.8033094171719,49.63604927739598
27.64611661187159,29.020890723141164,734.6499972349018,37.222325467576184
27.670594215217896,43.45831979813993,546.662462626758,37.80604229958609
25.71549368149517,72.04557794041254,889.013287159332,52.251685966057984
16.805795401088165,31.253192723381574,629.9010171787152,30.37687586113286
31.70604991178476,77.25769168833435,985.3734566106082,58.737801594604846
21.415601299434716,78.24939245704194,743.8994968070158,49.06060832297025
18.730370207997083,55.52274136325853,388.3853190951519,33.789713894879135
15.815502831095278,20.44701102017835,773.3242934528039,29.50834059065722
26.817858863764837,40.09266932224389,527.5728108021892,35.98818644459937
28.55128723684565,63.18488428630195,780.4290376802683,48.839689657918775
15.331756578557123,88.68303246191964,348.748803713684,41.245764102128135
25.24186116598562,64.22694689116679,422.41700602317155,40.33735477080627
19.529915503958758,38.186250674491184,899.0160812340505,39.20115457900775
27.903455808188998,64.38039921697279,459.0256899164604,42.446361467515544
18.487328580099827,57.79897658010988,885.928787670058,44.30193301748404
28.81875476204932,74.58917766058005,495.49326191808734,46.69599591756042
22.734706926010748,27.488644717887087,750.0173370410953,34.614293619193404
33.73459977473469,73.27195317514196,785.9054014568817,54.566993869047565
17.750418882919867,57.88866050732772,658.8583272015371,39.41897413768899
21.82132702100517,87.40944027012962,513.7174736877118,47.4078450652957
17.269470424811782,43.931051622708026,448.85106345976726,30.791071968413647
33.49387236557126,64.28353251937637,323.23254819369834,42.496646902472506
32.54678706761962,85.24196738570123,512.7624808685066,52.101233366890305
20.15883255430311,27.17568095934755,757.2139533718981,33.376399632393785
28.19968092068358,85.60599410655158,956.8133729139379,58.91790615058602
31.344444004024318,68.15200056105694,909.8431375841365,54.31468492201197
26.10401623198925,24.748594137362034,836.2453435747118,37.20149322869747
25.59301156712013,41.067449686277136,851.913140277309,42.15500349498939
19.837045818009035,69.57204620516971,765.4894324331967,46.09992541921936
16.862055356117985,24.71454210281402,482.2008002962021,25.489406314827242
32.944315159066534,60.75193221233913,935.036521494081,53.39846767311663
33.00836114326661,44.21181398670697,769.5126183340838,45.15797713432707
27.66202914546536,63.4640862437234,692.308441686308,46.71640927957586
21.780595820974014,23.201942366875898,377.69262844943677,25.40473318953851
21.984191492253217,81.00757643066635,612.9388806644978,47.55314628861647
29.519113577404788,88.14422784241778,622.2507898413485,53.647840938254696
32.94220519905154,87.8214498699984,905.194526665869,60.92142809384268
32.741728485302346,72.47562822200473,682.6537541314519,51.766627791881625
30.597510917152476,29.106036809144236,566.2803842792867,35.35617418690524
27.840632923085757,73.07842371503159,983.7602299574615,55.51904817520158
16.682799299900978,21.721084152116106,377.504415328421,22.40781320215374
18.232574281892276,21.548648607029808,595.7838998183613,27.496559719422308
32.97108377054158,42.652715340467886,329.4172726199837,35.86970193981083
27.1285811931918,54.205023328326604,817.9328845368512,46.18445528583091
15.183941032332593,73.92851924654553,942.6535865394054,48.62359802091807
17.02943085732064,67.83067636245536,496.0261306853426,38.78444095110378
28.270035382161115,51.21318944637238,900.8391737593846,47.515758000179964
15.101231676924375,39.15386663971661,504.55276132332847,29.38783105684374
18.216161028349973,89.79871501103977,937.5391131507406,54.79847728050173
25.974675787331723,49.83269115651811,827.7733325177487,44.492611890976264
28.837903953853864,51.59709170307728,863.434743789007,47.16677436363026
28.03922519005201,31.453667483416844,312.6045889203182,29.70780461845742
19.485386189211198,75.63666841249506,973.9672499518182,51.91303861739048
29.24358442695072,68.55775580470421,808.6696944492262,51.36251284387115
19.744981749936002,35.45387289521322,513.3257667702933,30.775168078937835
21.507993963185356,25.76667319310899,880.5762654011928,36.095524247549235
29.92982810236048,67.63495114522992,497.06483889045097,45.19669617255824
27.992657980944294,65.81578499967947,910.9276876962896,51.95961824430178
31.98446820988356,39.12816688987465,378.8062732883559,35.30680963767129
28.15225784600687,86.56044935752873,792.580184222557,55.895867414713194
26.36617206670943,30.574052424663016,678.4889336514373,35.92508043378236
16.87349535656185,50.26343607298213,367.57412913680855,30.867261082911735
22.35431606118867,86.05311441173193,469.3256797811873,46.37960594973766
20.30404735363451,49.38091218482856,308.68282539412036,31.13995384014823
19.87979286758167,64.696816336486,628.137575825154,41.911692851239714
34.46021109504891,47.831607857395596,510.88568253200026,41.79730155538314
22.861954493335208,39.1950641644069,718.8502390084311,37.56650127615829
32.84093110354227,88.87843535718798,508.0664653960321,53.24532546684817
27.622772519945258,48.65338044205301,509.9433780548893,38.60626795368632
30.896226070832967,82.58694425753941,820.2352391121224,56.62890109492075
25.052741862103844,36.09682241237603,333.69998518484743,30.02941735846168
26.53807769252718,34.91732928175583,932.026496634391,42.384767563478164
24.850353876377277,22.179385801915796,896.5847120738271,37.01068692023992
18.90485975596089,65.61667777631195,767.4632782584845,44.486698776043724
29.44904230523011,45.796844060663275,715.255099075169,42.768676352317414
20.615447248817116,80.50507748877459,924.6117486977565,52.95148184499607
15.486319328629076,53.124693468409,429.73112567010014,32.275190218239246
27.909445918143355,87.77353995403053,355.27841353358,47.39235321595244
18.542213588140978,32.98678609921848,467.6571189366767,28.520285002569565
33.80917168705828,80.80362175689275,856.2047950901332,58.26976827239963
34.07857154005175,74.36177969542192,324.2691867085383,45.83320341282322
33.29728780440897,73.96452912508364,707.9647845584427,52.99729833089844
22.403174005108887,79.13482596818213,996.806261333917,54.87816001968743
15.309132330577349,73.27167936600992,898.9872656862776,47.6158152888172
33.566371251754504,63.835422514199074,665.0119823305126,49.23405202674722
23.563682966346285,29.18714143776713,344.54863650064965,27.428956644516273
34.33309638087339,22.276832564387632,881.9614600699969,41.488827161152926
34.272399541785056,84.45934934709808,719.2849557240474,56.8597036895029
32.060189109347206,63.16552201645166,380.4530979416968,42.588813118443035
20.888977841391714,75.75761036833234,365.7000993763493,40.485774018722545
22.701954572038506,53.706564605878505,936.7387736056147,46.1977221398951
32.02273343033714,28.211573227367616,768.440184056655,39.84364236451196
21.338440103125553,28.763005454178533,880.5007595217289,36.908136878250914
18.38985493372185,67.989570106028,915.2852301975871,47.89750310262107
26.136025249167005,50.12141264296239,700.2406464338255,42.10924934614873
33.723095483215616,34.03673086902357,662.212446228529,40.316815926885454
28.92059593349946,54.41161827190058,601.2991872246931,42.809767192813766
26.4012234017873,24.494625595259386,521.8626114537835,30.986251608547136
16.943529875415372,60.73799813400792,604.2171726010982,38.77750782993203
27.300144533983396,38.82953831045684,841.7157590111094,42.13324894035094
34.801077002085265,75.82913704460317,721.3464017105921,54.57620764863543
17.801680304730482,41.72533712465017,924.7663029683922,39.913767349128136
25.366593047274733,51.86541043572608,610.3660100654314,40.450239855663824
32.54746143855911,20.813437793567044,724.9627051031277,37.01701615941222
29.815372355084087,25.071282145619122,741.9152871643921,37.26737656451562
28.94031481990536,47.47454894846794,714.1880136144279,42.996282366781614
29.049681679742186,53.595718430198644,791.8436411598614,46.440429192127915
22.189823024395103,62.00143836835126,466.2034278623644,39.019411579950216
20.871836885289866,40.416380509651226,658.6546442820535,35.73392548118137
31.187223109570272,68.64873202885798,372.95736196584335,43.6473784027594
31.202267893583617,80.20856780324432,569.1579293513688,51.04686287479248
32.341446371602075,74.5895692225345,641.3669480348851,51.37493291325909
33.26481105112943,22.773317774385,756.5569816818307,38.59554049151683
25.226847977218757,53.63548630804802,965.3717368103424,48.011504617230635
25.030325893743992,27.34511248927224,720.4557465838491,35.12781162533065
30.965903579335503,36.943151110376924,820.5157413235919,42.97621194925267
27.999278615555305,89.06638152870025,654.3862416466419,53.80727859932057
29.03933754515407,29.974688003105925,743.872821963432,38.38953161277745
30.91585338872202,54.922170741594925,349.6525512936414,38.92762894271232
32.800106836351326,63.270901402268336,478.0741065892929,44.94280597064202
21.759903137030715,69.17254793808728,553.2971652435971,42.69765925481348
22.51165905279888,59.175407844083985,630.7453485045595,41.62335884971583
16.87963879681738,20.683959319342858,331.9541218516686,21.28408963124492
26.56560281992348,42.85229157707943,398.0168682873224,34.09882624883202
15.718845475934842,56.2398150369298,493.7700154539141,34.606767558124645
24.311960362649202,26.150654940138335,980.0728836307354,39.60263433598081
25.85289269415153,44.543885184642654,531.9429049721355,36.92847000191127
20.730825042565687,22.32421761539566,637.4287406784578,29.8112526194707
26.816665211380215,25.500494800851452,437.26839891687507,29.803849024283043
15.610004998780989,47.78462933411173,727.5460497530378,36.69131229468477
15.746963774984287,29.290102783014227,496.478250861182,26.590077739620053
31.452011213193167,59.72785937830907,444.89480490689874,42.54225951822728
22.20381282822526,68.2625478396086,661.6008399121854,44.812687564238914
17.541210253037697,76.0410689376358,303.8540594122946,37.66000699605548
25.444865201096086,34.010517097136706,305.3648228544577,29.03288418677821
30.399871061972217,31.723780758134883,453.3481663713004,33.784033085852585
19.316420549936865,27.31974882340802,325.7049537505748,24.368233997002335
27.457809516380003,64.55011746805457,375.61802789148396,40.606300556436054
16.70694929987536,69.45330085408308,537.2024545371262,39.933513996905134
16.033634423372153,22.211030137794943,861.809975705869,31.91632576714194
25.62709263136296,85.53485723705829,700.4340503585106,52.482684493969174
25.81270243220213,23.637989855603067,658.8674081694915,33.17509633617181
27.748598029964132,57.890743471074934,505.4421762456851,41.35036558121825
29.52182667445323,69.63423636156415,952.2276036029715,54.69573631775529
34.517041589250695,80.967838662226,577.9105288660342,53.10708297061383
25.326006966023904,69.98608524926995,360.96493675704005,40.87812779293374
21.45912945882492,76.12096581488544,731.9465612824608,48.20478569952731
30.90372389537407,43.761513477996424,379.68687543362097,36.17405349975838
20.416645025241486,77.03775796225585,541.6561999611845,44.15277390052118
23.779428414112722,25.60803924692726,655.1883571024662,32.67589312318387
16.56912762684532,82.63716592423694,911.955767279623,51.3148289362862
15.50701486830915,58.331466330761536,645.482606238083,38.1625994581447
34.2529682935585,77.21084389737456,791.581136222165,56.121360040434915
31.719602410244118,51.66227991628101,994.9717872993492,51.257920925993346
28.91948412187396,65.05043866375675,392.0423839285871,41.81572133863575
23.179058888285397,56.84818626552792,492.31206786366363,38.49022668107435
18.465886401416917,71.21126652287323,576.2032529183525,42.12038821593748
18.12874085342172,25.71409874214127,595.279724977182,28.684194548896883
20.004857963291904,24.224645879339466,587.7147526858821,29.02411779916543
25.984533294122407,37.29722638071025,935.3277017895884,42.887988597066055
29.291918454001248,31.168127607923182,799.8228511267995,39.99285453191357
28.203947534354626,81.02484966145411,725.5336498634927,52.9201016628834
20.598677938918858,35.344979115063104,516.5609025039474,31.23405075405731
34.097305613263885,88.31056790733919,876.6532689549063,61.07488855793182
29.75793833391537,43.58270542397748,968.5423580394922,47.32462795494077
26.087081050228015,32.748254098208946,874.8387977851586,40.36479271027987
27.234414924687044,75.27889549997354,301.09557363403104,42.222787585016206
23.3920012485558,66.10954428506133,745.4809591283849,46.438483092363995
19.95461979002315,54.87370015171973,335.7947670094705,33.155315280716906
22.119453573025233,58.87544856563419,480.32505423360533,38.32886244087498
30.15692220928738,70.34412447905848,341.66729024344016,43.01504425323004
15.287869772595117,35.99183189319091,722.6568170645714,32.89462079554626
17.321452810138325,89.74337412397193,780.6129394448247,51.19599743115724
15.920052840435055,88.23552135027482,380.14134664613357,42.03350975822265
15.814576046379402,65.52279804428558,568.6872181314857,38.93787179910509
32.10921168022014,33.96797156504016,619.3655562688793,38.63230843499971
29.073157187600472,67.61597697019039,558.3371152326416,45.98811398951018
24.483476581746505,25.05388862854231,384.71750033963514,27.452254886228648
16.95668321302003,22.145675154406426,593.2634531312328,26.9873132154566
24.832317502336647,38.03780219578496,825.8246334658927,40.343992079221664
24.469435415611315,52.383606971752144,349.70536517327884,34.94390710279688
18.464037398200304,80.77907537858664,356.1260098573324,40.58826150982279
23.67703298475946,70.90183488364156,548.3399042851889,44.07586504317597
22.97009468794747,71.98945648399868,959.2079981332475,52.266044251838295
27.31700196104433,49.784533411365274,768.0008527060398,43.953878058052545
27.701873017352874,44.215449478287404,775.0689696707954,42.61695074557856
15.90608019544089,45.97271340892219,553.3439935865055,32.81173399212721
22.492252292529425,89.13546946152405,715.5625538459769,52.298018061641464
27.517198314284727,22.807643398873772,307.09182881942036,26.7427287531929
25.062725171601755,80.6922047285714,745.2672324866795,51.64436865410589
32.12979682376644,60.507278600067536,939.3008633033658,53.0030992579708
28.173872632378902,50.703079343271334,728.8014278413734,43.873888675998316
18.258688541628594,70.76803622905956,911.5890154264415,48.591535448060995
16.411374948008596,54.0668258997292,806.7811388262656,40.561358020448374
27.84838556412631,81.13962666571624,384.3908914825832,45.95389861142969
15.530226210832437,83.0491304807881,931.7173151000892,51.31419855165443
26.715511625469265,49.520464881141876,346.5106910490424,35.14410909805804
33.80460482849915,39.37794580645361,673.7772307834346,42.19123077185435
26.50948355751758,61.464523001535355,399.4959866554204,39.6840184123278
22.763398524130437,83.86543419316837,308.19462751163286,42.70522207024839
27.865764368847064,34.746353230396664,595.4239820893473,36.26526779532948
24.165057809830333,63.607660849443796,506.5284953579094,41.295397066906496
25.9123357863187,64.20921540647643,640.2003456583221,45.02293942826873
33.8292961755305,71.31791156906968,704.0399207141855,52.39081997276987
22.722052756015486,29.209737958908185,330.61735061626314,26.736294778005462
34.22381127647829,70.1077475277462,386.1023065866219,45.866276028295445
33.107012839121275,83.63227644659487,691.0496775152977,55.46418290384506
18.915822695785927,32.57781762091694,540.2171472208607,30.03559957858526
16.38722601750331,36.62803274467144,810.4214412846136,35.39045165784536
17.01556002754853,87.99765658291477,756.6041540143578,50.03916006893586
15.364436513030995,32.66838668966429,891.9230540929348,35.32119534527348
16.88885921511857,79.80695653587054,784.7449786684576,48.0814161416896
28.660135468327137,54.45944995136244,600.9517541731036,42.68693780303437
16.42377296920458,37.30617520822239,771.0766356761027,34.825271760591065
21.379512605875227,80.9524930890758,492.76682197879296,44.83084066923621
31.89750621938909,51.171367850186584,514.4194491447489,41.5885524476455
15.465438714716518,56.03721477507831,852.2896119445553,41.58967602877286
31.289369651778717,45.1463358579836,612.4936614811074,41.43845881290659
20.637095495468,61.50655960044492,858.8662383628467,45.947840395124416
17.363296552433127,31.446671080951596,875.6956615677949,35.62956283185794
28.934743307283014,47.375707565623244,900.2936363628986,46.685956650586455
27.578856935597678,87.85886256347013,941.6446650888452,58.979980538616786
32.549440270541055,38.06934028907892,601.6896543593074,39.72931530918035
29.701420876077716,65.97156651789045,523.2067728247972,45.10631584990194
31.06961860769697,42.76330449572864,707.5391226158797,42.51458310488467
20.64069145142613,74.14311879806205,559.8206964063393,43.75969529325847
18.548790875594456,29.16115625028449,720.7519167601631,32.437780648085834
30.012295032817168,87.88747315549813,793.9101038506772,57.25059154007157
31.13669478534528,51.76526789685475,781.8835129444958,46.73559802061899
34.81010284001347,36.52353243425247,562.187020914085,39.60585156856418
23.25235353822853,25.144772313100887,416.802141189127,27.505651286827074
22.440361715855666,31.883053356127853,601.3705369235453,32.812507603237094
30.528259214839935,56.384176398921234,399.81590085733615,40.17570054424306
21.816070805060356,43.59022235019004,923.0679246286659,42.446460600160506
33.61514651207129,78.02183561178266,542.1142225165001,51.05640838990045
32.16825503686024,50.162126656326414,408.12182305632666,39.29520197645458
23.579880547500366,37.40999908113409,317.81343193402563,29.36920863677092
30.017421355829946,63.2001490622821,752.0756704005389,49.010268804610384
30.090857481693646,69.47440518198121,745.8316222183203,50.80438273980759
17.062477376718654,31.69293355306649,538.4229166069042,28.807577086417357
33.05105813359133,31.733345140182237,350.1983221933557,33.04949905271745
25.105047448957144,22.566999885348007,586.7402264266624,31.057428218616224
31.529149322154833,71.54814105459484,517.8522465443755,47.586061908343375
21.400992020612236,66.46631693352636,773.9844478145066,46.12008004665415
32.91046456992401,53.22416130248697,724.0454746168832,46.90339016804576
22.784033574683264,79.0919314278438,555.215609738278,46.22390841046033
15.216753029605968,76.39691070650372,452.52478797849307,39.57794548632396
33.10763952838528,60.97480550777265,991.6251763089143,54.67876494270273
16.82573353572267,80.7789896359281,617.8011348372804,45.002586355385375
21.3862727518083,34.40888470257378,781.791965046166,36.6516410875996
34.0012393410161,27.834373357840953,398.38707730485254,33.31867322395739
34.012142938751126,38.88247280618927,639.9127897615784,41.46906910646391
26.46875776246572,23.99607992625204,319.2757039086258,26.81871693728099
27.636744243395984,57.18186696007224,653.818582537315,44.04930386046597
23.968910439566393,85.5623984606473,974.8121849823916,57.14941845762522
20.86421543396129,22.754047846795675,568.9446990900601,28.637216052820552
21.57329090739832,28.547693980701876,327.2972088024381,25.896897823958483
28.450369121540767,51.653931979840465,321.66905364354045,36.15474522759333
30.0474905887536,85.37125122695335,571.5907319628086,52.06693530171898
30.83158087451697,42.13092734837254,412.01745552423586,36.29541775225496
30.792362855891078,55.50643660818747,316.3464674297301,38.37504175899638
16.824122060973806,22.910100133527447,829.3495297651237,31.87208166584761
24.88840609405163,30.38402406734622,620.9661062173235,33.97873239157615
16.151175200332887,89.06410860711928,502.4713403808582,44.8442469899194
25.990577646474712,87.55830875052318,930.0582281115366,57.86394601062504
23.83061002746754,20.345798665408672,381.2972721403679,25.644990056163728
32.754083655166,86.62682497962673,969.1431802687234,61.747952926845485
22.018300251041573,64.73839564708503,519.776702164147,40.826202862929236
17.341340328552118,80.75428061640154,921.8825706160768,51.334605761518056
17.859833641056717,51.83178989437013,722.060013535623,38.92065405955186
30.230212634349446,56.09172200054752,878.6951518190413,49.51652595371981
27.364361266325222,54.21926061798441,988.809214247325,49.72414310350444
17.022453522455805,66.6804980282273,501.88380647312204,38.55305229915854
16.682136122299948,29.775587832941902,972.794839785315,36.72964120673885
29.0193826291824,22.098151291087458,572.6373264316942,32.59188323055132
16.45526012728387,41.55509591138336,569.8583333158456,32.09132550337386
31.437201185807126,69.32765339156526,538.270972978154,47.282316069936215
29.124844543129925,34.129741648606384,678.9853251433096,38.38105126901307
16.626975612837995,67.14027033274421,407.901530224941,36.61359951074108
16.69675428170384,87.89384322750892,687.5980397506078,48.46849090411675
34.73279157002351,26.573050105259288,679.1933686870028,38.922178190329596
22.485415915122406,67.08214827575884,833.331268823409,48.03397781675704
22.412842941337818,51.06251535131998,883.5549733563099,44.196275543191106
31.25599134515005,80.76995780642537,608.3089452186969,52.02516191887657
33.94497154767717,32.400485261317016,511.63327454604564,36.925296843154605
34.720021276457416,68.48381665583152,481.53442812196613,47.53584419741748
30.067563705178834,78.66807027536771,436.2366856934103,47.35893664906794
22.525191710618316,86.12299536318163,340.3533075393174,43.90656061504999
16.670014333973377,67.82736198027521,539.7135851842993,39.47748746475524
30.542938318548735,54.80223348058991,489.1733844915483,41.49560689328231
26.1680849947161,63.24930681408497,976.4921701064851,51.588677943713236
23.484440184939526,80.82334891351027,690.3961783750308,49.79714833402346
33.12708770189472,59.94268226471808,543.0939273213553,45.40822707678989
17.223949646123028,22.12709417877858,706.3273206955872,29.37664949060683
24.852502085817182,85.16640868548845,397.43769094198683,45.92492746739486
15.227072895348382,68.26687257220928,610.8306244415421,40.310210708167816
24.373212839882527,67.35593700440725,738.3640249947447,47.16066802115833
16.126065513636746,35.0972606678402,642.228482254716,31.436780602264754
17.376358325361437,66.121982916286,581.2451604580269,40.14967724672706
17.350524935542097,47.570508395791094,995.6938722297887,42.860292431104156
27.984206042321272,65.58630839290444,916.2203335042489,51.992402209116946
29.920897585308467,27.461512121559352,736.384170711608,37.9265858433542
26.667375301943192,66.04917132221252,698.5641528275979,47.11972210418731
34.24345096949084,89.95896080394665,734.4623358772088,58.798660443473594
22.49741159047408,23.374842720238924,440.9184754757033,27.079528120822783
20.714241725637216,88.4021928954922,576.596420285023,48.40970713716673
32.3719825637892,48.48355725060094,327.6216730236295,37.28349191754747
19.47191677038905,80.95274152360814,632.8822262407787,46.67942536709254
34.264450788812226,74.76698388407914,680.1172087703642,53.164664735037135
15.243089493796326,59.69113826906675,459.42481527224675,34.71738253306312
34.397576534152776,71.69144464759285,974.8201930158596,58.202625521671436
15.863198239011522,81.49608929109435,936.6182276560694,51.11279045995545
32.82286227396142,48.28982251557231,805.5002648191341,47.00838318803508
25.554022181725998,42.892321309426706,673.3706401357538,39.11212028640608
34.85929592238601,66.73153698945093,908.9784117533794,55.628677293095876
16.475931294707976,76.5492159358881,391.45664067642406,39.0318632416489
26.077085688026415,73.3599594343631,853.3568559924195,52.11366779417053
34.38605071238198,75.84695542010442,387.3745697767938,47.69460337775819
25.461956883402976,50.49083203690531,855.9474637845838,44.99717732846476
27.58797276270525,77.24839513225152,493.03729777594987,46.82925087654708
28.914973779692343,28.41463387594259,913.9634067127323,41.261145186883596
24.090821295355465,58.11423685725947,960.8294656777784,48.69627101841114
27.55116160168127,20.40310623486851,404.15717858358096,27.97965624297281
26.686286238462003,42.72100809301892,623.8729235457754,38.636904018052185
33.02316020981978,45.65230744099785,986.6911647138796,49.94109563148684
15.908927606829158,47.732088412647876,638.3852051812027,35.041794430832994
20.619263791844606,68.68270446829035,904.4832657601816,49.004108551613044
34.008229681531176,47.1990670889242,712.1120654919239,45.40607627728133
32.80527567781833,51.408553583577145,562.7309355437212,43.07982262485673
24.11313505571426,36.62808916120292,500.04848886810913,33.04596405358019
27.402651956030734,46.12762541405381,442.2561637602611,36.38473687743674
20.54762365962265,35.9088739084206,833.2587339643881,37.71164868162526
18.762423194475225,25.123714663791056,570.5783547761196,28.32989309189732
24.273968098799642,62.24140153669645,657.8928235405258,43.96726098121927
22.067044560521055,66.77489589885113,644.6278360008273,43.95854776993241
26.67312223701744,63.36432422067301,704.0953204631919,46.42776479397446
16.554692739299696,52.44458306604007,905.9040019371865,42.128801328205604
34.487896153323334,46.585004612546086,986.5175405084005,50.94980027059351
34.72421488959206,80.43335547002776,585.3089460016719,53.1982930058378
28.963234280394904,56.33572495953526,879.2632454744122,48.96759953754628
25.72192732688241,53.54273143408117,835.1694562583024,45.6271722188316
21.190552325726557,21.7949446064505,701.4702660189013,31.163164865176455
31.275900394138972,43.887347933830945,969.2330005283532,48.18881458778583
28.694623451077586,46.613693315009996,440.33216086988193,37.13806293743943
18.252338786897827,47.91759466278303,376.484947216735,31.031146736618524
33.21854368987685,60.61206584591326,897.7733768687955,52.74835913608831
31.45074485846338,57.352178270881495,607.4048716436239,45.07912334336862
33.99599826583848,62.553356495541124,892.8781979449424,53.62157004048042
29.5143901677672,73.54182830794898,925.1631436367904,55.323006449004104
27.268303918715798,76.90900171012655,343.72031553335,43.58125878306286
23.364860725812377,70.2686153358546,918.4253340902425,51.13152164546742
33.65456966708027,86.88665871684543,613.8233387585956,55.16974922376568
32.32127779000817,21.276280787345314,657.3027423029625,35.68957797726693
15.904373402123788,33.70445899784823,738.6147577652472,32.83581955572131
15.52733948994504,20.52940124846995,948.4678247110608,32.89184661373472
22.52926733756099,65.32322999082221,313.3812661008348,37.12922798804386
31.211066615636657,82.86213842649909,633.790427822472,53.139983392217495
34.74552258629889,37.043760760340945,781.4054297013924,44.11399811527958
18.008337822070565,84.89241813574147,805.89487038876,50.58979175953293
26.8826143070427,24.21871732026926,784.7727020759755,36.402376391121635
22.61781713262043,85.410521876386,394.1045905856853,44.814156940939725
34.398287956292066,44.61358810677441,509.5769118601769,40.774758647381894
31.842378462714173,27.099457991445156,551.1008677919094,35.07304398462882
31.766574094222758,54.01102314304279,863.1060453756535,49.348714897537285
24.373863195899403,37.97435974043556,495.1319106901871,33.48187773388412
23.296390046753302,39.94110313733459,447.4934747070422,32.580395458717874
20.468141438614126,41.51029754484006,970.2136133266673,42.091432249292424
16.127509933018544,76.21181284828644,306.2042995794282,37.05138481258377
32.29444752510106,57.74128936726781,998.4745989773847,53.43910255227857
31.258020182601552,41.791538940920255,773.7749092001769,43.641969957580386
34.99435346572261,62.723364831764286,879.9285096143819,53.912756374678224
34.93273674147811,70.13054719562355,506.2335774423352,48.630204078272826
26.10863411205255,39.083680051347365,310.020694366942,30.979834958769324
30.37974830361021,48.948437106774605,816.5086629930711,46.20457854369891
33.895314597648564,28.53202653358633,883.9012179004731,43.18528961690964
31.99294781354823,32.68045446742762,818.3332923674634,42.16727609435168
19.94696203486395,67.6782497775488,399.995201110587,38.276859972908355
24.01088270620187,32.70068433869389,827.3995455798783,38.363637566306664
17.5831883030299,56.76143685669421,838.2459474753487,42.58494415803018
34.08102054517445,69.63323832057029,760.9783609690385,53.15004898813908
27.123492689017603,27.48138461663207,836.2811529569103,38.53178478863663
19.572856110069253,59.71185537402325,892.1450077744125,45.54288482272985
28.434013688117133,37.95939485909547,729.5228799662209,40.195282901111625
27.362564809157917,87.40488126663058,362.02329977877537,47.14321278014364
22.163254360656808,53.84819527039473,641.3394667670476,40.06287509678778
17.27115184399258,76.41947848426108,354.35453427012357,38.64851015267708
28.431463911855992,58.515857950938326,585.2801217227016,43.47609177566353
25.406154018075867,23.038877299837342,584.9745423879393,31.31423104674792
30.446367834712788,64.32059629158157,346.2068908981691,41.44350062279425
25.403270022239866,86.598233954466,544.1743737786355,49.564592673032436
32.043630006370805,62.112827410243185,377.6986691539204,42.20963660933676
26.03813677548971,77.34322015987532,865.7646470064556,53.53732737583656
26.218759430707728,81.89445243438854,963.3816181751296,56.94534780917302
32.533072053166904,35.96558403642527,350.62153268055704,34.06864189112217
23.06965732424794,34.84313879357586,968.580645104191,41.359383202280554
17.680304569012815,62.76866921956942,665.8036195357216,40.98682544109166
15.57565352626678,48.771992886469334,509.6959745677117,32.61334412042842
30.10274511347238,78.79029120067042,353.80345269331445,45.76452897080361
27.406191027069294,83.00161863786079,650.4369876492924,51.61232085787873
29.08159536198447,44.73949655119027,856.1608811435241,45.0858642692198
19.259283230178212,36.58093912821374,794.9605340866888,36.503134035287005
17.727429511735394,74.63678606707032,335.15820802478163,37.957914736484426
15.290893313357639,39.23642248836953,351.0312847575325,26.43699909834033
22.011751176131938,77.58300229595748,582.011297842846,45.92100223371014
26.79835373709266,49.66167775541339,506.7033458335603,38.43174711184155
22.844880901994646,66.72849295040294,462.6690261392335,40.69436885890288
23.749498440474582,26.68747196842677,496.70314923609953,29.815053795487316
33.08317388987497,63.67015272736011,862.4379203078192,52.8913911693019
21.965109340466007,51.62373751160604,950.4596375422977,45.47886867456077
25.279789783196215,61.06259242228319,583.5718861692965,42.630110341668995
30.67306025482286,31.760994542140438,934.277701492748,43.550382519908524
22.930855646425403,71.58116214609275,525.0469908735174,43.44071628451087
27.441734004557468,80.39579542802599,633.5058904406542,50.50972343949962
32.2472741749349,35.171786006354296,458.22029847119984,35.839578858797736
33.990412473152844,26.70001888641132,748.3332295230907,39.97187649296163
17.941469618580758,21.654701023243547,985.2867806223662,35.172880728710766
33.53175250322989,64.93800503102862,722.4451672303651,50.69618110553083
24.842325861590766,62.49658252621465,550.4698588794843,42.17953486624947
20.164887765979167,58.2688188899849,753.4722121933698,42.632533793852446
24.182715124765224,36.236296728118276,386.0444749257713,30.683136079333522
34.60065150570954,47.36341971338602,922.061356185779,49.950578790586164
24.85236187985739,61.613343463032116,652.1587655458854,43.95335928975604
21.575032205750162,54.773680120141854,614.5448194277494,39.510516527472625
27.668017086334515,89.14498641504211,710.1053519174634,54.779611506029156
19.802912375563864,29.55078267897132,737.3487039525817,33.51366507052496
16.51726656217328,68.66011878333157,350.24306435855914,35.86153020325729
17.577594438212984,48.30231376730045,777.8320548563817,38.83613244642426
17.56091677915545,49.973973044793034,469.3521762208707,33.159693827433045
18.038053870245886,70.23184359607234,799.7668427546129,46.0839168690369
17.776543452988204,68.47053059270587,875.7743560689378,46.944918025684615
27.817494896064293,89.38791955915318,862.7709552867642,57.980542421513384
18.637601687982897,28.987600261788767,686.7506771855224,31.750094466238526
21.913345666477262,27.287675456891645,664.1189246175259,32.425353962656644
32.935768198120236,70.70371719901189,400.0131729375882,45.67926271751544
24.479232805257446,60.487084190448634,842.7423052821949,47.24058776540721
28.351154770420543,39.19124665918641,489.98656631270006,35.7326827092202
18.446397424032597,25.559355829229062,647.6867959725625,29.844741380236268
18.845780376173416,25.996077471750137,498.9918650492617,27.20155073059698
15.817372325329577,82.59336122648827,393.6798540997852,40.560291612606974
18.37870126144329,33.430712730312,740.6903878242156,34.032372206299556
20.57180678063917,42.63600934808645,338.0324243760327,29.837354682266174
18.540209685534936,35.86594815588916,824.05166388834,36.510922567301016
16.774050675141112,44.849741408235616,522.3107566827816,32.28816289369687
17.412717422012015,24.859668992226535,300.0942851031397,22.166145110736764
24.215575360654515,56.334185363578925,657.7903974660609,42.16385123872216
19.12667436811585,24.73287945145504,332.7963359693222,23.63912773888088
22.28539722096151,76.02495554756531,493.31869047462965,43.81655908424294
25.068345417097138,36.35984573373031,794.8835412190012,39.33979725304769
28.807896572587307,57.80083402231574,343.8827351353061,38.6218531956945
15.786242796821979,81.60553612930208,887.5369446492016,50.125521130185646
30.988207978180853,65.56141583330358,302.6739458610082,41.21600765630166
27.558007789818156,57.307045058593474,472.7767084413316,40.42665158131375
16.635180638977438,42.70336271807629,818.63283930645,37.50125592104061
32.47157248213554,43.31013391407386,521.3891048105147,39.656608511500224
33.417448010636264,66.86408686387331,371.3246716462095,44.194443497404315
16.221559197097275,89.58975528548173,552.1637431602995,46.03098104739915
20.537552962944076,66.3287432894565,489.27530046916786,39.95290547769234
31.124025595861227,59.044839215901746,889.8983315123885,51.0734311929489
29.965193807673167,71.14553571674722,519.3435423096003,46.713128465052755
18.690420387127546,52.56439285986027,852.2527302432051,42.15958265638595
19.186986466734204,24.209963982054965,924.3105013675143,35.34269245533388
22.40944205582764,59.360777111453686,603.6721937035707,41.08639803542134
24.690459703820427,87.03376991537661,936.9602006980745,57.19456484048469
27.36509543060592,32.271205965036174,564.122637774235,34.64636226029852
22.378272791395446,68.3003423574466,974.8548915430757,51.17633693379321
24.25069432266296,34.06535820613395,362.50266716790105,29.59500796652969
29.94941876267513,57.50793791311569,780.9134865522699,47.845360486317674
15.733664057811957,26.767351475270374,645.66982831985,28.810434037884093
20.048738886880415,51.52596553807296,571.3541638189529,36.90924238124116
29.26699171769105,72.93143302266722,742.8983151240207,51.3708920681261
32.904136753743984,44.330006696728745,792.6999641440318,45.60506966877125
25.233548842313322,66.54382071410527,303.05428875521636,38.641006410492565
25.642269705306312,75.68149725528104,416.8671621230391,43.86292727169825
17.14344022679552,84.90244736356169,799.1322354440231,50.025099031346734
23.948247336469095,36.42494572988175,766.4697895047445,38.231003177293964
25.652345329100463,47.95211410665157,976.233253590074,46.73647196834719
19.849410072694592,30.66912093312922,832.726453175548,35.77997037979702
20.38486461898762,89.47384515108627,965.5408954119366,56.34540376305842
22.545683262092453,84.89006775470067,791.7783510743649,52.57542897894373
15.401423955554527,57.79699911963917,508.6365460476102,35.212542634621215
21.441583311663564,78.94233060634949,373.75544557559954,41.878599749248615
19.22896013993089,56.467058409042956,847.2767043414549,43.50013167950743
21.54994704355829,63.65099816019318,750.9044550331412,44.88836207049992
17.395242636385024,26.238710248121162,333.7302086753074,23.24383856613501
32.8105456147979,72.86892943477656,552.0353261306848,49.306658160445615
26.871849071080973,28.93994385446644,969.7598708390003,41.513105108660426
28.582046382889793,77.824734117677,650.2808019971409,50.64405946669082
30.783424772146766,74.741966136927,602.9103952137932,49.87251013142735
24.968843978581145,69.61212884200836,620.3897236115058,45.775855114123196
16.738405761748474,22.531226636733347,446.2179068036146,24.052929007966533
25.742130836370954,41.218984916173,558.0950196053566,36.39866128514451
26.736822360417584,38.417879893759,558.8692791910237,36.07116073215697
29.9087894836866,45.20954852300633,336.6485141312307,35.250229581369815
23.63319092459359,26.134992273468697,837.2973399625428,36.403039943588254
17.551606055911275,85.5870476121744,591.5531023327153,46.28297935826227
20.67551811597449,58.76615684986634,875.5259207714963,45.47812452837708
22.2616459279727,41.38670174606165,895.2436007839268,41.45170550348338
27.918344826632023,47.788706195199836,448.39583828906063,37.26370103765717
26.41556609337824,51.30417783533849,760.14743751909,43.80198514767247
22.121934517956923,62.04160333524321,630.5972629140872,42.28539351783317
34.730304975859596,56.09755993875484,916.1097165450395,52.51661480045704
27.115496387137743,84.35743812500921,451.0184754235179,47.885349139541994
19.74453583471989,54.78744380340812,774.469240217031,41.797885862723
17.035649452408073,89.45106103763189,725.4264855769059,49.86167274903172
18.057182783686642,79.59974704215671,506.71103430028296,43.04273619049599
19.919154567690164,34.59573600501351,395.62063255582086,28.25071073646555
18.213627465191113,85.14166502507413,756.1478323340937,49.77226988679968
18.731340481026116,28.145647851983327,817.0182206926315,34.14972900996069
20.70190337387694,77.22147959438341,520.939140634345,43.936178377940394
18.467471905895096,46.6436305433606,751.3828228156196,38.25448157226812
32.935308492528506,81.45820243115486,576.5916353280522,52.43694768217176
16.604674913232845,80.76396830752152,799.2448182978324,48.51642431482953
25.490227791405093,76.41477800823348,439.45069242583713,44.458561146689334
23.20793653979323,75.3021305414943,923.1505018453221,52.65761746925135
34.647572338172125,41.32753973686285,501.1867175259058,39.745782440663035
17.240778043361047,25.664349813587652,557.4501914293071,27.46869779434296
22.95711198091483,48.208612513561306,340.66436645624486,32.7544270736507
34.389408665507375,32.146716049055605,378.0585486248935,34.39989011996824
32.310142517879605,68.64657622317232,661.1033318986297,49.9711107638641
31.3414414189856,44.22698085764499,487.31487370958007,38.685112440977896
20.158056540898798,88.29271406019404,884.836158019536,54.263565648898336
18.417751747801315,64.86804541417324,310.2853720584677,34.87499693932198
28.37286439848862,77.57363945440527,565.3658340703553,48.76584071697299
33.587519782551716,29.276727091929388,536.1418827383649,36.29961567362197
26.135257860278596,80.34101375908358,313.52934164232073,43.44051989071078
26.432253789397997,84.59300333593761,387.0578793003572,46.33518548148742
20.599581873205683,54.09433431732551,589.5498724430447,38.319088680661395
30.389858663838737,62.43770564256842,645.0052091132127,46.826345206954144
18.74087497115047,73.53668606320969,583.0028230784084,43.09149976610631
21.473584728084873,32.23870390822888,671.6563748884657,33.841531034280415
23.508728772328336,55.17962535244097,716.5921724339771,42.640095440576005
25.1522075736891,47.906411944061915,306.9466747894849,33.086960865852824
19.848194648301604,30.24617945135744,624.8666116174527,31.49528339190709
17.29673649478407,45.727409560407196,974.4494686213118,41.85558048794043
27.21240084883265,24.772061656984548,663.3225960906841,34.30427084332537
20.772611064805115,21.80683348646409,774.2795872212672,32.41394732276713
26.624764428452245,29.461640240837593,518.3047005418182,32.51696829731377
18.087254305484045,87.41805781124216,841.7939647069338,52.10492379025335
24.62280203709635,58.467067512651184,841.0450373132805,46.67242201860914
25.651788651031715,87.6075512807254,664.9072333578972,52.40630437689143
16.03647073644854,50.27485148310924,983.2096762954495,42.76488433906603
21.732085563878414,41.82712931596817,387.8851503338574,31.171884583406808
17.688293538779483,55.429930398817085,311.8633654227067,31.710393197488997
16.267499409455354,50.76581820430371,839.1107482299672,40.145710130618134
34.7992046477989,27.396527898322073,865.0088761554177,42.91873821650443
21.44707689949446,64.85784202831444,384.14506038440334,37.863792265929625
31.1974889170927,35.12267277567197,485.90798307102426,35.85370595266843
20.092813095275275,63.37115684284807,312.2866543566402,35.30348668762486
28.630054444478585,65.51407646787074,505.3160275463953,44.075570713528414
30.204557197793733,30.64173971900537,841.1993117430701,41.11878674945988
26.912774812156886,24.29447389774677,662.5723693988052,33.99617696337858
24.431523771003167,74.65331102479078,543.6669152178017,45.485093497294855
23.23681828294537,52.18602966385241,560.2175064344312,38.478568169317036
21.977365330859904,24.071465685383306,300.9475380008277,24.229073131061497
33.59058288495652,89.6406422018837,509.8603692956651,53.88469148895667
31.612388155754584,24.044639269745666,752.5211191465514,38.07000824173202
34.300538213330256,68.65246602009873,981.93611067145,57.384731126123754
17.485944469710894,88.85752476843895,892.9425788887296,53.259081243161724
29.617349504072884,36.742607295114794,316.51647525187036,32.161786445608286
33.76680913642076,29.95745580810373,928.9924232723876,44.450489776089256
18.6246613233132,28.496945759570025,848.2388893090382,34.82619217570837
16.32992534733555,41.22926032973169,846.2632864996863,37.459006502581005
29.82241298580118,27.07320677074527,620.5970313025,35.445109150174176
26.489462263598238,68.45129391858924,578.603705068152,45.35219340873893
31.83657553516544,24.36042586910439,512.0410101832349,33.46723573197873
17.79544753252579,55.65954897048528,345.98640126805606,32.5153164827696
30.905346237197804,89.76877976970837,459.76475444558935,51.57860213842321
19.032546400954892,76.97791886542132,472.62254448461726,42.06209974979619
18.27311885731409,63.06536067617076,638.8539487971411,40.833246607451095
18.285315958619858,41.43775345506282,823.2110846176857,38.03820570818249
31.29149440462764,63.672708540414696,631.6668798785627,47.380897362009485
28.303944413924,56.89290247381562,340.4911146130124,38.029665241366935
25.461308495382386,49.82583687232601,970.4528606917427,47.08746252322385
22.17660968247005,29.149726371813962,959.9070233658786,39.031363220096786
32.544010816262166,82.06229506683266,849.6326802038859,57.8833475322586
22.84890214845271,51.484925417492576,993.9295310949544,46.748519321373216
31.33198878943154,33.62357582745356,681.137632960184,39.37581980215552
23.78269817140437,45.74315456141027,973.9378451772443,45.09305235767015
22.538888588498153,48.989082677024896,352.9235284317256,33.02463966599106
24.25359571339213,77.9276526896812,555.9765237829599,46.62462413925962
21.02755748328284,71.35300663929814,457.7668876047361,41.07501848552558
29.952187603525022,73.85134255489379,437.083158893989,45.873159746110424
25.054407801849585,20.772188510005304,398.56206422487327,26.73010173842385
19.644253902936345,49.130779872583304,735.6895490961977,39.27515189516711
32.991491465491364,53.69409061447266,846.9252990231136,49.54247889754975
22.67782442746423,21.343459377613968,704.8088795942524,31.838127618901353
25.871057222279774,38.186924612152396,402.87389671174674,32.449083929020546
33.12944221929094,73.22028761854945,867.7866389534296,55.88654017427889
27.484759918279842,29.597679401029936,745.16829501461,37.5250496797411
17.337960814167282,57.47170920168141,571.7159942888968,37.344813053366
33.796642472269504,35.06413104120662,771.891206875244,42.85538468600162
27.554161061428356,20.84845422507253,481.933485469983,29.6702865076356
21.698112293141723,36.8841020319679,541.6345459459474,32.74697767508018
17.785441453267744,88.31116284370377,942.2400901923932,54.23087138359286
30.88050378540592,76.10759783180927,503.3531539699943,48.33959432164563
27.40145511857027,87.17036510247233,628.9917877105556,52.43167284423795
25.66922183952643,54.149783074845374,923.0987961772103,47.54152176576103
32.87785166101915,27.681533907425244,795.4049451872693,40.65148490648254
30.771944224490614,58.35716422815851,343.5422583152919,39.7639665469987
18.033497594655024,51.80641341919726,403.11213099527924,32.62091544299227
21.234441355910967,79.10499579177312,305.48911354034175,40.458501686294255
19.969782796289316,26.865780654897122,741.6452531604143,32.87753065782208
29.878925851453538,54.176879591524475,613.3713977872928,43.45995475892997
15.670648694715588,30.5034065285789,393.9923956315929,24.866194218563322
26.39779369742633,42.7273148823042,970.5538847397393,45.42816900819921
30.24917371481381,71.61499541714598,670.7618067619339,50.024321617789376
32.53531273523499,53.32126905581366,469.32530587902244,41.65054320194204
21.841634974318147,46.31217996020385,650.4224998082952,37.82292147138614
31.425146093440258,47.61333949990247,775.7342329145754,45.51125955498238
17.212634739104146,52.16127378841907,353.3674525814951,31.322048557707696
31.929045834690363,74.95115806859398,492.2926705335244,48.29572374859386
17.54977324663965,82.4459282258164,864.8758436187956,50.80618196344065
22.945745811207345,86.87342805527499,621.7654092818628,49.97020950782343
30.94590731559107,75.08323703787066,682.6039994226064,51.65000475760886
17.998348546975475,42.07848270236089,602.9712015466284,33.682143115128575
19.58502790465283,68.16942942605795,330.72995985010357,36.85794197714587
29.445051367861325,50.63221868387743,416.02484587410913,38.23268820657607
29.400730730921488,37.82694354322358,611.8791471193236,38.28603137081429
27.822952657705947,78.86101055981459,446.4298257855495,46.498376012508345
28.878968889342,22.68984442736275,334.9853200617751,27.94614417411533
25.854488866951925,83.12333944947964,890.5547648362766,55.67534156504539
20.035981178139053,52.30342252373139,986.8347704148811,45.445712754486564
21.913919870078388,64.60410337657963,855.2000117977176,47.44219118396744
18.631954336028514,66.15477455440478,897.649445193267,47.11539843820103
33.169011226672566,82.65824184945754,469.38399122193175,50.76965799261218
26.66783589532241,64.56687775170451,972.4388828592398,52.15275893035736
23.017028335272798,62.975350933204325,437.8479931173999,39.15807930994569
24.240116072882653,24.6656428392483,966.0008672532825,38.83976823328147
33.94566679223631,56.28856153616429,996.3735057761658,53.78687197249076
18.067028062321604,30.511830057192917,798.2059640222342,34.15118232876336
26.724596640335946,71.62036381050399,986.8006122542753,54.58441970840468
25.11777357768932,55.85553445688721,698.6778456969726,43.28910403985027
27.22908470869296,67.61594454458474,481.67924822326324,43.532910682187165
15.36220367641681,22.9171030421669,605.8971199659346,26.674175150177167
32.44247817888303,25.935441123206225,715.4926547651502,38.31172452170639
33.64236564967224,70.14263716438776,351.1570934189105,44.88711584253066
26.30266367178418,25.045903519907135,735.6402852320723,35.37790859650568
28.933016477537844,24.9879709435681,986.8244857336061,41.69938923651148
33.449987623545915,20.84759326644212,433.0753548486093,31.64077888867778
29.14477268626797,86.9550978809636,854.8165814018683,57.75524733546043
18.050780858285226,71.62558516213048,935.5291556457336,49.223649090696426
26.525767203336265,44.72759859514449,960.5911149741546,45.89298547969457
27.13430092765712,40.75749069013587,972.094923083813,45.236296132545576
23.48261342604772,44.479226082209465,665.0217471050304,38.38550947978731
29.728884712494455,74.22574718268274,984.1155355940526,56.8144772229331
33.687340295380295,66.29594277492902,830.1171449941072,53.334795880051
33.51137025813553,32.96368975072276,413.1700053658733,34.90819216160206
24.016787428082644,32.18765347338591,633.830074527579,34.34129124660868
17.264760916815106,26.88769547993781,802.8318227604027,32.755325557596954
34.69682397924669,66.22119037909367,473.1382210733583,46.677533524818614
31.777961728918683,73.50608635552152,748.4306284842212,52.90941934080022
17.493253624065336,38.55324998275028,766.6203353326334,35.64500851351042
33.416837652347446,21.466147272163898,413.8898206659961,31.426059421142813
32.39792724124257,25.752016723349914,695.5597187169294,37.83576301196484
25.376761142521442,87.75020243915213,840.1388376850254,55.816218056706866
26.825508714898586,40.68113442341942,649.2269651751594,38.60163398797831
22.980054077402606,73.84562034866934,308.4721817432752,39.81315677816761
16.095232776440625,63.72644981979846,306.32692835550455,33.29208990126994
21.70394483291802,46.73577477570271,549.9205407790085,35.87111566474999
31.057068971960227,34.398108353688855,948.3358479022473,44.814683950131716
15.092640460092056,28.49704927115845,460.07374572252616,25.296909925844083
21.669983433822885,63.05090776272066,744.054582210181,44.63135568993126
22.963373871818867,74.22436464464516,455.4531094853244,42.858058519009475
25.74791205875846,65.07329774787914,525.1689927616841,42.899325208976656
33.39711232825521,57.12114932744108,893.6294627210387,51.7074902167807
21.926919887319226,22.93658564021454,810.2030095889628,34.04849582750323
21.939064037924553,87.79421443160686,366.77949411924743,44.643386230829286
29.750024962194967,75.90999341582022,600.0914146905036,49.64983879965362
24.044358817796144,40.497542569067534,320.4188345516851,30.579818870652034
19.49209645879964,88.59792305511955,636.6231026221062,49.057887198377806
24.04879032265387,62.131711274542546,763.7038081907476,45.937984707504654
17.817140407595996,60.76958607450725,382.9518365187061,34.798482756524294
18.527739730124466,72.36512256006725,502.21945723641596,41.017795777810726
24.967355454789594,76.82388516630962,578.4856378515099,47.100556034317876
23.378508990090957,65.9535025132052,943.6717172592348,50.348739594191734
33.296918021362,28.966702245634004,995.2785107960748,45.244039900292705
22.24787798233266,43.67872541961489,331.4379092969311,30.85631480298942
26.61176700556087,84.96585482282349,832.7055464467744,55.44975087856297
27.645285758390607,35.723092829069635,560.2068464816402,35.743707657548995
15.261889131766672,46.051691668625935,574.720730360636,32.94086667368384
28.270747440334212,50.24538180609372,827.9854813429159,45.76869788885354
18.560719337395028,50.758349278611654,942.8985025017861,43.36583450231673
34.2214063493891,62.905770774616784,965.6500161517839,55.29543473011526
17.973254555062258,86.01530864212953,703.9858102268245,48.87093607470648
23.292482474540474,36.84848982827535,549.984811510352,33.70048441595988
16.706993361572877,28.505096341064267,851.2843601011455,33.930712785128634
34.93748503691894,33.82293429019561,475.7009682836102,37.12964217119036
25.04390020662485,82.08474301464886,694.8518201834625,51.044409411376336
26.907700346400876,65.20675688586442,551.0049230674113,44.03597570030799
16.34152954776855,40.01347524674121,759.6417515955133,35.3676423798169
29.999209407983557,77.11628572780322,468.27923902545484,47.50007520284184
19.198111861911716,80.29589974544052,434.11506201437805,42.37012709487557
32.96108578881427,79.25600370831947,942.7673606728059,59.112691220359096
19.102792809640142,84.32485735476881,371.26257806467584,42.27410517254423
18.81375441327333,37.65687141213531,654.1705354144522,33.7873493385663
15.730993356961898,72.85293501223947,454.59694807410625,38.813316143634914
24.441338902199984,52.2377648091898,327.25097432796724,34.437018380416276
26.29682266525233,78.9398987023043,325.2131728039985,43.33464439939742
16.31417278856705,70.99434740131292,422.65524047407916,37.908495424158986
30.51055233390021,74.35132125498072,906.7392481542001,55.69545750652833
24.065776694960554,65.93132863767501,497.73512078391866,41.76698935446115
25.4878053865516,32.42001386287948,965.321419402707,41.77633524019379
23.81525493876456,58.15188432278568,707.1356050924355,43.495904868066695
23.01526121750652,88.92688176671557,605.6299328381363,50.298293795530654
26.19280662616436,85.61716465479833,706.0621842686182,52.90279639489404
18.10480491861425,23.022161505790816,661.6888696583874,29.192828304212114
18.63856260990542,31.537037101060598,831.1433776301276,35.40325998787344
32.235712420270346,29.22101414181933,497.74724618099657,34.83910537630091
33.922309242672654,70.81859369897069,547.1352741202116,49.149438213431765
22.46618632559506,77.24497308998616,925.8660117732755,52.92390532525889
20.414893462871078,34.94579564174703,962.5195592052838,39.941576608065326
27.879990864780314,55.40968850662803,924.7907592405321,49.05871716918921
23.17468342196193,78.849211960784,593.6135957701194,47.11437721461856
15.507727113206897,71.29610813363755,846.2558521048172,46.06781303879106
18.12305194732381,57.95660438442938,633.4350133107691,39.1172075552061
29.31944457694795,61.3243383321141,648.2778965022715,46.02258171815364
28.178478838203027,55.5852382841396,443.27607634009877,39.63033243114537
15.54191985006967,40.828391592317445,713.7912122809615,34.295301648349295
19.43944323865899,59.55153950013113,430.29512842734357,36.1910860379157
19.62149593176143,68.22197114350635,532.0952893470356,40.919245095873336
28.43785487197457,81.13260411025654,898.5211411339546,56.52913149174334
15.394210755087283,64.54039477854737,444.95306644759864,35.95828514005982
17.082171639691477,73.27850759302106,349.81079962140296,37.520854090180116
30.998321707463788,31.20501444682011,348.3053148289714,31.826771484357355
18.570893241086672,52.309023209385295,958.5491643521756,44.14913687040244
28.054922157037495,20.653213387896532,654.8443065732843,33.3203112263534
19.76365562093453,37.26752051651361,586.5884502719128,32.793852970859604
16.988827855186905,70.85232005791033,867.6150067055429,47.102410079077416
19.86344381998908,89.42669659445544,885.0781495373612,54.4612938790784
29.44533863711318,26.942466971105112,532.5337231809233,33.45608387350659
32.11392936212572,48.10460211029017,785.5326402316566,46.198998118783045
31.604397291339833,76.00496780894116,839.7859710963206,55.399408410278674
22.943670592369095,34.28249442402292,758.2554808061682,36.92169323951479
28.361702731412922,58.85594645116004,406.1165523600696,39.95996634825586
19.09968590831642,71.31499072207723,913.1181584619399,49.206703340020184
20.862954605220267,63.118981518212536,677.3661869152061,42.91449549637802
32.9267163704224,33.16173142307913,497.7306984590026,36.36649158131499
15.26003847021472,44.87691980800176,597.6597298063857,33.0462897736356
16.71017061708936,74.8654249139778,326.29976327923515,37.340708048322725
19.157725102920544,58.79585598924116,389.5067608556923,35.00775456534647
15.530644077476394,20.366072948003893,835.8827253611026,30.59279843036142
18.628708701795947,73.26935320196657,300.0081443287563,37.295323198063066
26.66083121939384,22.471794845816735,591.5960799376046,31.903875662194036
23.428491011849957,72.20136479118625,665.7571267599119,46.68979747847909
32.8534342215395,34.173639211566616,338.2440940006806,33.443690754253346
31.34887123476882,87.06514360835662,981.154714080633,61.417072981504056
21.83634703395752,45.75585259114591,458.2877318747703,33.810683931817934
20.188468668625852,42.88521314366554,512.9391037453966,33.218580352320515
22.59384816334534,30.422163523271127,512.7597585785192,30.67876831022439
26.805898850296153,41.39229508431504,461.29166348214494,35.046471220085486
20.361272816457525,81.36555332797404,301.031675460418,40.61093591582933
27.482978156982682,89.7434036339073,810.5413558615974,56.87533728589548
23.18823304382481,45.78166713547938,976.7918498594997,44.86445365974622
26.040943617039606,51.40274416681798,457.00543829953153,37.58140382455583
23.722530582706334,70.54496567419159,764.1330342623958,48.30741567885856
20.889315190838353,82.03370463255521,819.3274288711006,51.44131756260775
33.96906613924313,61.51310339307489,893.8977653633673,53.31641939481138
30.272115883195216,47.40679887244805,595.8404379095264,41.274906361522554
17.802263515329052,48.88352885940366,512.0516339483005,33.80722309445163
32.36935951795826,68.69327025477648,527.7065938161218,47.34679271173451
24.748623964990273,20.22527845229951,798.834933168959,34.418594181564174
32.891044537881825,63.371253622188846,871.7456265539453,52.891810886676474
30.997105118946305,44.884510730895016,427.12977742962187,37.50650132733409
23.50427008938467,75.59381318939589,559.6587057104357,45.62345311571981
15.449386166402348,26.509344787619252,931.3581377244051,34.304659273975055
20.37354718769892,61.17415868638734,864.6854637863174,45.83273047549201
25.83268429321734,53.668102292028664,989.4008819337331,48.80479047289193
27.669564396522944,64.96278681336591,827.9737817774566,49.88309387782037
20.157753708664046,24.539751613807784,575.2366407195456,28.94553515286527
17.78712148145648,60.59886511996919,713.4464837962464,41.34214995264392
31.69860473598598,59.30392115716666,762.7099779731242,48.894678274605475
34.68804361407104,59.24620660913197,354.91907142198676,42.21626521821484
25.513803646053717,62.24413666175184,681.1478713727056,45.05310024900652
18.43358571696607,67.35275560584535,796.5245799308267,45.35311113885317
20.44614653038738,76.34922997765389,417.12491280074227,41.4703405145047
15.367813530949334,38.887450408975,846.44220219789,36.27898593212497
33.28597613120998,77.75345871260434,708.6409463598782,54.14184460658386
17.355021657802823,54.877897758441755,966.5552499883163,44.47198515620026
26.53032951028507,25.39407953940318,329.6956087448242,27.477300791859975
20.48110441374412,24.098565047078544,485.72829628882687,27.184687646772158
26.083560050315867,43.39668230872425,721.0877155098768,40.48253902797274
28.028407767037287,74.94278839780273,507.5919385441515,46.64887917374249
31.594836074144034,69.5376654318641,800.0969148498696,52.66065596362864
19.128425435212066,75.20304752706845,831.3036977653517,48.7512009310336
15.219916573169609,56.208833950912656,371.7611748465321,31.907831968789242
17.737712601376145,50.81392985688434,659.6981249447374,37.30699775664812
33.0003728369621,30.321676869439877,656.2233889137392,38.7211572575878
32.47780155125031,42.97349275265181,558.4965391508788,40.300879384438275
26.948262043406167,50.381355632171264,953.0474037987705,47.64948578732987
27.010337208673068,26.202030077573205,879.2544239112549,38.9508661058336
28.30073349092511,35.442836689784784,788.0465673367457,40.5441490991329
18.507425572468993,61.87577058446172,800.0286450144984,43.81701686186298
33.2882389184992,71.49641799674329,623.2013006691834,50.55707087165625
23.375410497841465,89.88432579750648,944.6961647676031,57.54692628352474
22.66277056498995,85.31793319404903,786.2167990772998,52.65110122225568
25.37835410565675,64.9795639674634,810.2867431590715,48.38878110624883
15.9393193355011,49.487363730585045,903.1836326511417,40.879541439948895
18.32566737512159,64.5324155295763,491.8501125395337,38.35956059722436
29.76067232852741,74.99561326561624,864.9496327066921,54.67801279808242
16.65597335850253,28.283533364637112,436.6684220695444,25.54641513003329
27.063042189327764,48.693342278740175,541.7393665714214,38.974311109714364
19.90698219362642,78.7861599944932,534.9273179888899,44.28788545493896
22.785912280839533,46.868306635313076,984.9678278723984,45.15280468846166
20.773874735413997,60.03105898590306,899.5760566235488,46.38777619594889
22.113454329298982,61.143855260353874,790.8189031131818,45.216261805019286
29.38091810368491,32.91333771935476,808.9397331307731,40.74325503026434
20.9424343124635,45.356480915660185,693.4509560817997,37.9471805525658
26.328092805937942,43.415790211935246,962.9634669759633,45.448052806068816
24.521008043981993,21.833769597244537,647.3811270176531,31.758257441517415
28.273423307252962,21.693423472394866,566.3623969089261,31.971986633523464
33.73659478649516,78.21879305730414,414.1247358521137,48.616430027481094
29.651441944205004,39.11495669809687,850.3439565827406,43.567087113186375
19.298807571815136,56.26551363671708,814.110752452914,42.81127292598097
15.623662701225694,40.910790151214115,569.0485269668944,31.46603893531497
20.2452808859965,85.84754715807384,317.63538977146055,42.22961238584961
26.901558614005097,38.150773120604164,887.2981294026075,42.64197383123595
16.028516269685007,50.07597689172546,307.99258841785155,29.19690297071717
24.927324944024726,81.09111753392213,792.5898457403357,52.64279464699571
26.936856978337786,78.93534967542661,979.17997680824,56.732632927961674
21.684877816339217,33.02709924923941,606.3629297037425,32.87782727701628
30.418244074916437,76.18503168569973,464.4813834971669,47.354259213111476
17.131965062675437,52.073082071652486,793.4097070303671,40.056101293440804
16.502755634716173,53.80782104597486,871.9896994109096,41.83351811936873
29.563775124072066,29.343598069116062,682.5012212544932,37.23499140786072
24.90982632412397,25.642105962998727,976.9246926793023,39.68603880454765
28.768047928554722,70.95575148816357,336.1681051605728,42.39411151393789
23.696546772074925,54.75228066487098,653.3569188131696,41.34109596176215
19.928040664782138,50.57954918306257,802.9177631257851,41.196240349825544
31.382046353483993,71.06557600566777,903.8483298044252,55.08766257453083
30.988317579379583,73.58590292937768,425.478928335453,46.07950823521215
28.893929417088536,31.12357173685475,860.002437234577,40.98408497429223
20.44290274459925,62.71576046343489,686.8949530029818,42.77407857138973
26.804613337381742,29.474785759437985,577.5875773929743,33.79649394438175
22.219477938800537,72.5962560220332,392.2005200053655,40.732626176117535
16.831641466532684,65.98686093869976,905.7070312362387,46.32601963960104
33.34627150924486,86.96302347584206,410.0912457258007,50.96386771189106
17.736372618379228,24.827061144949482,516.8515014463694,26.653334681601848
34.00474707641605,23.993830480587803,503.0318723737058,34.26116012985848
23.920115459159113,39.75309522852401,909.989823933598,42.08578277680872
